index,y,series
2005-03-01,2,ACT-Female-Remanded
2005-06-01,4,ACT-Female-Remanded
2005-09-01,1,ACT-Female-Remanded
2005-12-01,4,ACT-Female-Remanded
2006-03-01,4,ACT-Female-Remanded
2006-06-01,6,ACT-Female-Remanded
2006-09-01,9,ACT-Female-Remanded
2006-12-01,6,ACT-Female-Remanded
2007-03-01,4,ACT-Female-Remanded
2007-06-01,4,ACT-Female-Remanded
2007-09-01,5,ACT-Female-Remanded
2007-12-01,5,ACT-Female-Remanded
2008-03-01,10,ACT-Female-Remanded
2008-06-01,7,ACT-Female-Remanded
2008-09-01,9,ACT-Female-Remanded
2008-12-01,9,ACT-Female-Remanded
2009-03-01,10,ACT-Female-Remanded
2009-06-01,7,ACT-Female-Remanded
2009-09-01,3,ACT-Female-Remanded
2009-12-01,7,ACT-Female-Remanded
2010-03-01,7,ACT-Female-Remanded
2010-06-01,11,ACT-Female-Remanded
2010-09-01,9,ACT-Female-Remanded
2010-12-01,7,ACT-Female-Remanded
2011-03-01,8,ACT-Female-Remanded
2011-06-01,5,ACT-Female-Remanded
2011-09-01,7,ACT-Female-Remanded
2011-12-01,4,ACT-Female-Remanded
2012-03-01,4,ACT-Female-Remanded
2012-06-01,3,ACT-Female-Remanded
2012-09-01,3,ACT-Female-Remanded
2012-12-01,4,ACT-Female-Remanded
2013-03-01,4,ACT-Female-Remanded
2013-06-01,5,ACT-Female-Remanded
2013-09-01,4,ACT-Female-Remanded
2013-12-01,6,ACT-Female-Remanded
2014-03-01,5,ACT-Female-Remanded
2014-06-01,5,ACT-Female-Remanded
2014-09-01,5,ACT-Female-Remanded
2014-12-01,5,ACT-Female-Remanded
2015-03-01,7,ACT-Female-Remanded
2015-06-01,8,ACT-Female-Remanded
2015-09-01,6,ACT-Female-Remanded
2015-12-01,11,ACT-Female-Remanded
2016-03-01,13,ACT-Female-Remanded
2016-06-01,11,ACT-Female-Remanded
2016-09-01,11,ACT-Female-Remanded
2016-12-01,12,ACT-Female-Remanded
2005-03-01,5,ACT-Female-Sentenced
2005-06-01,6,ACT-Female-Sentenced
2005-09-01,5,ACT-Female-Sentenced
2005-12-01,8,ACT-Female-Sentenced
2006-03-01,9,ACT-Female-Sentenced
2006-06-01,9,ACT-Female-Sentenced
2006-09-01,4,ACT-Female-Sentenced
2006-12-01,6,ACT-Female-Sentenced
2007-03-01,5,ACT-Female-Sentenced
2007-06-01,4,ACT-Female-Sentenced
2007-09-01,6,ACT-Female-Sentenced
2007-12-01,7,ACT-Female-Sentenced
2008-03-01,9,ACT-Female-Sentenced
2008-06-01,8,ACT-Female-Sentenced
2008-09-01,3,ACT-Female-Sentenced
2008-12-01,5,ACT-Female-Sentenced
2009-03-01,3,ACT-Female-Sentenced
2009-06-01,11,ACT-Female-Sentenced
2009-09-01,11,ACT-Female-Sentenced
2009-12-01,6,ACT-Female-Sentenced
2010-03-01,6,ACT-Female-Sentenced
2010-06-01,8,ACT-Female-Sentenced
2010-09-01,5,ACT-Female-Sentenced
2010-12-01,5,ACT-Female-Sentenced
2011-03-01,7,ACT-Female-Sentenced
2011-06-01,9,ACT-Female-Sentenced
2011-09-01,6,ACT-Female-Sentenced
2011-12-01,3,ACT-Female-Sentenced
2012-03-01,6,ACT-Female-Sentenced
2012-06-01,8,ACT-Female-Sentenced
2012-09-01,11,ACT-Female-Sentenced
2012-12-01,11,ACT-Female-Sentenced
2013-03-01,8,ACT-Female-Sentenced
2013-06-01,7,ACT-Female-Sentenced
2013-09-01,10,ACT-Female-Sentenced
2013-12-01,11,ACT-Female-Sentenced
2014-03-01,9,ACT-Female-Sentenced
2014-06-01,15,ACT-Female-Sentenced
2014-09-01,13,ACT-Female-Sentenced
2014-12-01,11,ACT-Female-Sentenced
2015-03-01,14,ACT-Female-Sentenced
2015-06-01,12,ACT-Female-Sentenced
2015-09-01,11,ACT-Female-Sentenced
2015-12-01,8,ACT-Female-Sentenced
2016-03-01,13,ACT-Female-Sentenced
2016-06-01,16,ACT-Female-Sentenced
2016-09-01,17,ACT-Female-Sentenced
2016-12-01,14,ACT-Female-Sentenced
2005-03-01,65,ACT-Male-Remanded
2005-06-01,66,ACT-Male-Remanded
2005-09-01,63,ACT-Male-Remanded
2005-12-01,63,ACT-Male-Remanded
2006-03-01,60,ACT-Male-Remanded
2006-06-01,65,ACT-Male-Remanded
2006-09-01,52,ACT-Male-Remanded
2006-12-01,58,ACT-Male-Remanded
2007-03-01,59,ACT-Male-Remanded
2007-06-01,59,ACT-Male-Remanded
2007-09-01,62,ACT-Male-Remanded
2007-12-01,68,ACT-Male-Remanded
2008-03-01,73,ACT-Male-Remanded
2008-06-01,79,ACT-Male-Remanded
2008-09-01,83,ACT-Male-Remanded
2008-12-01,98,ACT-Male-Remanded
2009-03-01,102,ACT-Male-Remanded
2009-06-01,64,ACT-Male-Remanded
2009-09-01,56,ACT-Male-Remanded
2009-12-01,66,ACT-Male-Remanded
2010-03-01,80,ACT-Male-Remanded
2010-06-01,81,ACT-Male-Remanded
2010-09-01,71,ACT-Male-Remanded
2010-12-01,73,ACT-Male-Remanded
2011-03-01,85,ACT-Male-Remanded
2011-06-01,87,ACT-Male-Remanded
2011-09-01,70,ACT-Male-Remanded
2011-12-01,74,ACT-Male-Remanded
2012-03-01,94,ACT-Male-Remanded
2012-06-01,92,ACT-Male-Remanded
2012-09-01,91,ACT-Male-Remanded
2012-12-01,86,ACT-Male-Remanded
2013-03-01,77,ACT-Male-Remanded
2013-06-01,75,ACT-Male-Remanded
2013-09-01,89,ACT-Male-Remanded
2013-12-01,75,ACT-Male-Remanded
2014-03-01,77,ACT-Male-Remanded
2014-06-01,92,ACT-Male-Remanded
2014-09-01,82,ACT-Male-Remanded
2014-12-01,88,ACT-Male-Remanded
2015-03-01,92,ACT-Male-Remanded
2015-06-01,113,ACT-Male-Remanded
2015-09-01,109,ACT-Male-Remanded
2015-12-01,116,ACT-Male-Remanded
2016-03-01,117,ACT-Male-Remanded
2016-06-01,127,ACT-Male-Remanded
2016-09-01,133,ACT-Male-Remanded
2016-12-01,143,ACT-Male-Remanded
2005-03-01,106,ACT-Male-Sentenced
2005-06-01,107,ACT-Male-Sentenced
2005-09-01,118,ACT-Male-Sentenced
2005-12-01,129,ACT-Male-Sentenced
2006-03-01,117,ACT-Male-Sentenced
2006-06-01,110,ACT-Male-Sentenced
2006-09-01,100,ACT-Male-Sentenced
2006-12-01,109,ACT-Male-Sentenced
2007-03-01,104,ACT-Male-Sentenced
2007-06-01,93,ACT-Male-Sentenced
2007-09-01,93,ACT-Male-Sentenced
2007-12-01,95,ACT-Male-Sentenced
2008-03-01,94,ACT-Male-Sentenced
2008-06-01,84,ACT-Male-Sentenced
2008-09-01,65,ACT-Male-Sentenced
2008-12-01,61,ACT-Male-Sentenced
2009-03-01,45,ACT-Male-Sentenced
2009-06-01,88,ACT-Male-Sentenced
2009-09-01,92,ACT-Male-Sentenced
2009-12-01,97,ACT-Male-Sentenced
2010-03-01,101,ACT-Male-Sentenced
2010-06-01,116,ACT-Male-Sentenced
2010-09-01,129,ACT-Male-Sentenced
2010-12-01,133,ACT-Male-Sentenced
2011-03-01,133,ACT-Male-Sentenced
2011-06-01,137,ACT-Male-Sentenced
2011-09-01,157,ACT-Male-Sentenced
2011-12-01,154,ACT-Male-Sentenced
2012-03-01,161,ACT-Male-Sentenced
2012-06-01,172,ACT-Male-Sentenced
2012-09-01,168,ACT-Male-Sentenced
2012-12-01,171,ACT-Male-Sentenced
2013-03-01,153,ACT-Male-Sentenced
2013-06-01,172,ACT-Male-Sentenced
2013-09-01,208,ACT-Male-Sentenced
2013-12-01,242,ACT-Male-Sentenced
2014-03-01,239,ACT-Male-Sentenced
2014-06-01,222,ACT-Male-Sentenced
2014-09-01,229,ACT-Male-Sentenced
2014-12-01,239,ACT-Male-Sentenced
2015-03-01,218,ACT-Male-Sentenced
2015-06-01,219,ACT-Male-Sentenced
2015-09-01,240,ACT-Male-Sentenced
2015-12-01,264,ACT-Male-Sentenced
2016-03-01,270,ACT-Male-Sentenced
2016-06-01,254,ACT-Male-Sentenced
2016-09-01,267,ACT-Male-Sentenced
2016-12-01,268,ACT-Male-Sentenced
2005-03-01,182,NSW-Female-Remanded
2005-06-01,191,NSW-Female-Remanded
2005-09-01,186,NSW-Female-Remanded
2005-12-01,172,NSW-Female-Remanded
2006-03-01,191,NSW-Female-Remanded
2006-06-01,194,NSW-Female-Remanded
2006-09-01,202,NSW-Female-Remanded
2006-12-01,218,NSW-Female-Remanded
2007-03-01,217,NSW-Female-Remanded
2007-06-01,209,NSW-Female-Remanded
2007-09-01,211,NSW-Female-Remanded
2007-12-01,199,NSW-Female-Remanded
2008-03-01,199,NSW-Female-Remanded
2008-06-01,208,NSW-Female-Remanded
2008-09-01,201,NSW-Female-Remanded
2008-12-01,208,NSW-Female-Remanded
2009-03-01,234,NSW-Female-Remanded
2009-06-01,236,NSW-Female-Remanded
2009-09-01,222,NSW-Female-Remanded
2009-12-01,207,NSW-Female-Remanded
2010-03-01,217,NSW-Female-Remanded
2010-06-01,217,NSW-Female-Remanded
2010-09-01,193,NSW-Female-Remanded
2010-12-01,193,NSW-Female-Remanded
2011-03-01,192,NSW-Female-Remanded
2011-06-01,201,NSW-Female-Remanded
2011-09-01,201,NSW-Female-Remanded
2011-12-01,193,NSW-Female-Remanded
2012-03-01,208,NSW-Female-Remanded
2012-06-01,204,NSW-Female-Remanded
2012-09-01,216,NSW-Female-Remanded
2012-12-01,214,NSW-Female-Remanded
2013-03-01,231,NSW-Female-Remanded
2013-06-01,227,NSW-Female-Remanded
2013-09-01,232,NSW-Female-Remanded
2013-12-01,239,NSW-Female-Remanded
2014-03-01,262,NSW-Female-Remanded
2014-06-01,267,NSW-Female-Remanded
2014-09-01,221,NSW-Female-Remanded
2014-12-01,223,NSW-Female-Remanded
2015-03-01,298,NSW-Female-Remanded
2015-06-01,303,NSW-Female-Remanded
2015-09-01,305,NSW-Female-Remanded
2015-12-01,305,NSW-Female-Remanded
2016-03-01,349,NSW-Female-Remanded
2016-06-01,414,NSW-Female-Remanded
2016-09-01,425,NSW-Female-Remanded
2016-12-01,426,NSW-Female-Remanded
2005-03-01,468,NSW-Female-Sentenced
2005-06-01,461,NSW-Female-Sentenced
2005-09-01,437,NSW-Female-Sentenced
2005-12-01,457,NSW-Female-Sentenced
2006-03-01,452,NSW-Female-Sentenced
2006-06-01,463,NSW-Female-Sentenced
2006-09-01,484,NSW-Female-Sentenced
2006-12-01,476,NSW-Female-Sentenced
2007-03-01,463,NSW-Female-Sentenced
2007-06-01,488,NSW-Female-Sentenced
2007-09-01,470,NSW-Female-Sentenced
2007-12-01,467,NSW-Female-Sentenced
2008-03-01,443,NSW-Female-Sentenced
2008-06-01,485,NSW-Female-Sentenced
2008-09-01,514,NSW-Female-Sentenced
2008-12-01,524,NSW-Female-Sentenced
2009-03-01,511,NSW-Female-Sentenced
2009-06-01,531,NSW-Female-Sentenced
2009-09-01,546,NSW-Female-Sentenced
2009-12-01,562,NSW-Female-Sentenced
2010-03-01,540,NSW-Female-Sentenced
2010-06-01,558,NSW-Female-Sentenced
2010-09-01,555,NSW-Female-Sentenced
2010-12-01,545,NSW-Female-Sentenced
2011-03-01,501,NSW-Female-Sentenced
2011-06-01,488,NSW-Female-Sentenced
2011-09-01,487,NSW-Female-Sentenced
2011-12-01,455,NSW-Female-Sentenced
2012-03-01,438,NSW-Female-Sentenced
2012-06-01,436,NSW-Female-Sentenced
2012-09-01,439,NSW-Female-Sentenced
2012-12-01,439,NSW-Female-Sentenced
2013-03-01,449,NSW-Female-Sentenced
2013-06-01,467,NSW-Female-Sentenced
2013-09-01,460,NSW-Female-Sentenced
2013-12-01,460,NSW-Female-Sentenced
2014-03-01,477,NSW-Female-Sentenced
2014-06-01,498,NSW-Female-Sentenced
2014-09-01,502,NSW-Female-Sentenced
2014-12-01,497,NSW-Female-Sentenced
2015-03-01,493,NSW-Female-Sentenced
2015-06-01,543,NSW-Female-Sentenced
2015-09-01,575,NSW-Female-Sentenced
2015-12-01,570,NSW-Female-Sentenced
2016-03-01,552,NSW-Female-Sentenced
2016-06-01,526,NSW-Female-Sentenced
2016-09-01,542,NSW-Female-Sentenced
2016-12-01,587,NSW-Female-Sentenced
2005-03-01,1972,NSW-Male-Remanded
2005-06-01,1975,NSW-Male-Remanded
2005-09-01,1844,NSW-Male-Remanded
2005-12-01,1860,NSW-Male-Remanded
2006-03-01,1967,NSW-Male-Remanded
2006-06-01,2005,NSW-Male-Remanded
2006-09-01,2031,NSW-Male-Remanded
2006-12-01,2074,NSW-Male-Remanded
2007-03-01,2154,NSW-Male-Remanded
2007-06-01,2173,NSW-Male-Remanded
2007-09-01,2167,NSW-Male-Remanded
2007-12-01,2272,NSW-Male-Remanded
2008-03-01,2354,NSW-Male-Remanded
2008-06-01,2363,NSW-Male-Remanded
2008-09-01,2322,NSW-Male-Remanded
2008-12-01,2324,NSW-Male-Remanded
2009-03-01,2491,NSW-Male-Remanded
2009-06-01,2477,NSW-Male-Remanded
2009-09-01,2484,NSW-Male-Remanded
2009-12-01,2389,NSW-Male-Remanded
2010-03-01,2519,NSW-Male-Remanded
2010-06-01,2561,NSW-Male-Remanded
2010-09-01,2398,NSW-Male-Remanded
2010-12-01,2330,NSW-Male-Remanded
2011-03-01,2564,NSW-Male-Remanded
2011-06-01,2665,NSW-Male-Remanded
2011-09-01,2569,NSW-Male-Remanded
2011-12-01,2511,NSW-Male-Remanded
2012-03-01,2523,NSW-Male-Remanded
2012-06-01,2454,NSW-Male-Remanded
2012-09-01,2371,NSW-Male-Remanded
2012-12-01,2498,NSW-Male-Remanded
2013-03-01,2635,NSW-Male-Remanded
2013-06-01,2694,NSW-Male-Remanded
2013-09-01,2620,NSW-Male-Remanded
2013-12-01,2656,NSW-Male-Remanded
2014-03-01,2901,NSW-Male-Remanded
2014-06-01,2936,NSW-Male-Remanded
2014-09-01,2594,NSW-Male-Remanded
2014-12-01,2639,NSW-Male-Remanded
2015-03-01,3124,NSW-Male-Remanded
2015-06-01,3278,NSW-Male-Remanded
2015-09-01,3431,NSW-Male-Remanded
2015-12-01,3490,NSW-Male-Remanded
2016-03-01,3749,NSW-Male-Remanded
2016-06-01,3850,NSW-Male-Remanded
2016-09-01,3829,NSW-Male-Remanded
2016-12-01,3873,NSW-Male-Remanded
2005-03-01,6396,NSW-Male-Sentenced
2005-06-01,6472,NSW-Male-Sentenced
2005-09-01,6540,NSW-Male-Sentenced
2005-12-01,6502,NSW-Male-Sentenced
2006-03-01,6493,NSW-Male-Sentenced
2006-06-01,6594,NSW-Male-Sentenced
2006-09-01,6571,NSW-Male-Sentenced
2006-12-01,6661,NSW-Male-Sentenced
2007-03-01,6664,NSW-Male-Sentenced
2007-06-01,6761,NSW-Male-Sentenced
2007-09-01,6746,NSW-Male-Sentenced
2007-12-01,6622,NSW-Male-Sentenced
2008-03-01,6606,NSW-Male-Sentenced
2008-06-01,6703,NSW-Male-Sentenced
2008-09-01,6903,NSW-Male-Sentenced
2008-12-01,6875,NSW-Male-Sentenced
2009-03-01,6855,NSW-Male-Sentenced
2009-06-01,7142,NSW-Male-Sentenced
2009-09-01,7147,NSW-Male-Sentenced
2009-12-01,7190,NSW-Male-Sentenced
2010-03-01,7006,NSW-Male-Sentenced
2010-06-01,7091,NSW-Male-Sentenced
2010-09-01,7090,NSW-Male-Sentenced
2010-12-01,7032,NSW-Male-Sentenced
2011-03-01,6749,NSW-Male-Sentenced
2011-06-01,6763,NSW-Male-Sentenced
2011-09-01,6707,NSW-Male-Sentenced
2011-12-01,6648,NSW-Male-Sentenced
2012-03-01,6549,NSW-Male-Sentenced
2012-06-01,6628,NSW-Male-Sentenced
2012-09-01,6613,NSW-Male-Sentenced
2012-12-01,6569,NSW-Male-Sentenced
2013-03-01,6544,NSW-Male-Sentenced
2013-06-01,6642,NSW-Male-Sentenced
2013-09-01,6757,NSW-Male-Sentenced
2013-12-01,6925,NSW-Male-Sentenced
2014-03-01,6940,NSW-Male-Sentenced
2014-06-01,7205,NSW-Male-Sentenced
2014-09-01,7254,NSW-Male-Sentenced
2014-12-01,7231,NSW-Male-Sentenced
2015-03-01,7190,NSW-Male-Sentenced
2015-06-01,7493,NSW-Male-Sentenced
2015-09-01,7595,NSW-Male-Sentenced
2015-12-01,7815,NSW-Male-Sentenced
2016-03-01,7742,NSW-Male-Sentenced
2016-06-01,7853,NSW-Male-Sentenced
2016-09-01,7927,NSW-Male-Sentenced
2016-12-01,7919,NSW-Male-Sentenced
2005-03-01,13,NT-Female-Remanded
2005-06-01,10,NT-Female-Remanded
2005-09-01,8,NT-Female-Remanded
2005-12-01,10,NT-Female-Remanded
2006-03-01,12,NT-Female-Remanded
2006-06-01,13,NT-Female-Remanded
2006-09-01,11,NT-Female-Remanded
2006-12-01,7,NT-Female-Remanded
2007-03-01,11,NT-Female-Remanded
2007-06-01,12,NT-Female-Remanded
2007-09-01,9,NT-Female-Remanded
2007-12-01,8,NT-Female-Remanded
2008-03-01,11,NT-Female-Remanded
2008-06-01,10,NT-Female-Remanded
2008-09-01,16,NT-Female-Remanded
2008-12-01,15,NT-Female-Remanded
2009-03-01,15,NT-Female-Remanded
2009-06-01,16,NT-Female-Remanded
2009-09-01,9,NT-Female-Remanded
2009-12-01,12,NT-Female-Remanded
2010-03-01,15,NT-Female-Remanded
2010-06-01,12,NT-Female-Remanded
2010-09-01,13,NT-Female-Remanded
2010-12-01,9,NT-Female-Remanded
2011-03-01,15,NT-Female-Remanded
2011-06-01,20,NT-Female-Remanded
2011-09-01,18,NT-Female-Remanded
2011-12-01,21,NT-Female-Remanded
2012-03-01,19,NT-Female-Remanded
2012-06-01,29,NT-Female-Remanded
2012-09-01,30,NT-Female-Remanded
2012-12-01,23,NT-Female-Remanded
2013-03-01,31,NT-Female-Remanded
2013-06-01,26,NT-Female-Remanded
2013-09-01,31,NT-Female-Remanded
2013-12-01,36,NT-Female-Remanded
2014-03-01,48,NT-Female-Remanded
2014-06-01,37,NT-Female-Remanded
2014-09-01,43,NT-Female-Remanded
2014-12-01,41,NT-Female-Remanded
2015-03-01,53,NT-Female-Remanded
2015-06-01,50,NT-Female-Remanded
2015-09-01,43,NT-Female-Remanded
2015-12-01,51,NT-Female-Remanded
2016-03-01,50,NT-Female-Remanded
2016-06-01,40,NT-Female-Remanded
2016-09-01,43,NT-Female-Remanded
2016-12-01,38,NT-Female-Remanded
2005-03-01,12,NT-Female-Sentenced
2005-06-01,18,NT-Female-Sentenced
2005-09-01,16,NT-Female-Sentenced
2005-12-01,16,NT-Female-Sentenced
2006-03-01,17,NT-Female-Sentenced
2006-06-01,20,NT-Female-Sentenced
2006-09-01,23,NT-Female-Sentenced
2006-12-01,21,NT-Female-Sentenced
2007-03-01,28,NT-Female-Sentenced
2007-06-01,28,NT-Female-Sentenced
2007-09-01,29,NT-Female-Sentenced
2007-12-01,30,NT-Female-Sentenced
2008-03-01,30,NT-Female-Sentenced
2008-06-01,30,NT-Female-Sentenced
2008-09-01,31,NT-Female-Sentenced
2008-12-01,32,NT-Female-Sentenced
2009-03-01,31,NT-Female-Sentenced
2009-06-01,35,NT-Female-Sentenced
2009-09-01,35,NT-Female-Sentenced
2009-12-01,34,NT-Female-Sentenced
2010-03-01,35,NT-Female-Sentenced
2010-06-01,38,NT-Female-Sentenced
2010-09-01,37,NT-Female-Sentenced
2010-12-01,37,NT-Female-Sentenced
2011-03-01,37,NT-Female-Sentenced
2011-06-01,40,NT-Female-Sentenced
2011-09-01,41,NT-Female-Sentenced
2011-12-01,39,NT-Female-Sentenced
2012-03-01,44,NT-Female-Sentenced
2012-06-01,57,NT-Female-Sentenced
2012-09-01,53,NT-Female-Sentenced
2012-12-01,65,NT-Female-Sentenced
2013-03-01,61,NT-Female-Sentenced
2013-06-01,73,NT-Female-Sentenced
2013-09-01,73,NT-Female-Sentenced
2013-12-01,73,NT-Female-Sentenced
2014-03-01,75,NT-Female-Sentenced
2014-06-01,75,NT-Female-Sentenced
2014-09-01,68,NT-Female-Sentenced
2014-12-01,75,NT-Female-Sentenced
2015-03-01,86,NT-Female-Sentenced
2015-06-01,93,NT-Female-Sentenced
2015-09-01,99,NT-Female-Sentenced
2015-12-01,114,NT-Female-Sentenced
2016-03-01,92,NT-Female-Sentenced
2016-06-01,88,NT-Female-Sentenced
2016-09-01,81,NT-Female-Sentenced
2016-12-01,77,NT-Female-Sentenced
2005-03-01,147,NT-Male-Remanded
2005-06-01,140,NT-Male-Remanded
2005-09-01,123,NT-Male-Remanded
2005-12-01,125,NT-Male-Remanded
2006-03-01,141,NT-Male-Remanded
2006-06-01,140,NT-Male-Remanded
2006-09-01,158,NT-Male-Remanded
2006-12-01,175,NT-Male-Remanded
2007-03-01,158,NT-Male-Remanded
2007-06-01,175,NT-Male-Remanded
2007-09-01,149,NT-Male-Remanded
2007-12-01,159,NT-Male-Remanded
2008-03-01,199,NT-Male-Remanded
2008-06-01,187,NT-Male-Remanded
2008-09-01,199,NT-Male-Remanded
2008-12-01,213,NT-Male-Remanded
2009-03-01,265,NT-Male-Remanded
2009-06-01,255,NT-Male-Remanded
2009-09-01,231,NT-Male-Remanded
2009-12-01,226,NT-Male-Remanded
2010-03-01,244,NT-Male-Remanded
2010-06-01,226,NT-Male-Remanded
2010-09-01,232,NT-Male-Remanded
2010-12-01,245,NT-Male-Remanded
2011-03-01,268,NT-Male-Remanded
2011-06-01,294,NT-Male-Remanded
2011-09-01,270,NT-Male-Remanded
2011-12-01,254,NT-Male-Remanded
2012-03-01,298,NT-Male-Remanded
2012-06-01,302,NT-Male-Remanded
2012-09-01,302,NT-Male-Remanded
2012-12-01,282,NT-Male-Remanded
2013-03-01,335,NT-Male-Remanded
2013-06-01,316,NT-Male-Remanded
2013-09-01,340,NT-Male-Remanded
2013-12-01,392,NT-Male-Remanded
2014-03-01,447,NT-Male-Remanded
2014-06-01,428,NT-Male-Remanded
2014-09-01,382,NT-Male-Remanded
2014-12-01,419,NT-Male-Remanded
2015-03-01,462,NT-Male-Remanded
2015-06-01,404,NT-Male-Remanded
2015-09-01,413,NT-Male-Remanded
2015-12-01,408,NT-Male-Remanded
2016-03-01,481,NT-Male-Remanded
2016-06-01,480,NT-Male-Remanded
2016-09-01,417,NT-Male-Remanded
2016-12-01,404,NT-Male-Remanded
2005-03-01,613,NT-Male-Sentenced
2005-06-01,654,NT-Male-Sentenced
2005-09-01,649,NT-Male-Sentenced
2005-12-01,609,NT-Male-Sentenced
2006-03-01,636,NT-Male-Sentenced
2006-06-01,643,NT-Male-Sentenced
2006-09-01,582,NT-Male-Sentenced
2006-12-01,606,NT-Male-Sentenced
2007-03-01,635,NT-Male-Sentenced
2007-06-01,685,NT-Male-Sentenced
2007-09-01,670,NT-Male-Sentenced
2007-12-01,643,NT-Male-Sentenced
2008-03-01,660,NT-Male-Sentenced
2008-06-01,679,NT-Male-Sentenced
2008-09-01,699,NT-Male-Sentenced
2008-12-01,713,NT-Male-Sentenced
2009-03-01,787,NT-Male-Sentenced
2009-06-01,778,NT-Male-Sentenced
2009-09-01,763,NT-Male-Sentenced
2009-12-01,795,NT-Male-Sentenced
2010-03-01,804,NT-Male-Sentenced
2010-06-01,837,NT-Male-Sentenced
2010-09-01,815,NT-Male-Sentenced
2010-12-01,848,NT-Male-Sentenced
2011-03-01,855,NT-Male-Sentenced
2011-06-01,895,NT-Male-Sentenced
2011-09-01,934,NT-Male-Sentenced
2011-12-01,968,NT-Male-Sentenced
2012-03-01,1014,NT-Male-Sentenced
2012-06-01,1035,NT-Male-Sentenced
2012-09-01,1025,NT-Male-Sentenced
2012-12-01,1074,NT-Male-Sentenced
2013-03-01,1106,NT-Male-Sentenced
2013-06-01,1103,NT-Male-Sentenced
2013-09-01,981,NT-Male-Sentenced
2013-12-01,1020,NT-Male-Sentenced
2014-03-01,966,NT-Male-Sentenced
2014-06-01,993,NT-Male-Sentenced
2014-09-01,1024,NT-Male-Sentenced
2014-12-01,1035,NT-Male-Sentenced
2015-03-01,1058,NT-Male-Sentenced
2015-06-01,1094,NT-Male-Sentenced
2015-09-01,1041,NT-Male-Sentenced
2015-12-01,1046,NT-Male-Sentenced
2016-03-01,1106,NT-Male-Sentenced
2016-06-01,1089,NT-Male-Sentenced
2016-09-01,1087,NT-Male-Sentenced
2016-12-01,1076,NT-Male-Sentenced
2005-03-01,81,QLD-Female-Remanded
2005-06-01,81,QLD-Female-Remanded
2005-09-01,76,QLD-Female-Remanded
2005-12-01,81,QLD-Female-Remanded
2006-03-01,80,QLD-Female-Remanded
2006-06-01,82,QLD-Female-Remanded
2006-09-01,89,QLD-Female-Remanded
2006-12-01,95,QLD-Female-Remanded
2007-03-01,108,QLD-Female-Remanded
2007-06-01,108,QLD-Female-Remanded
2007-09-01,105,QLD-Female-Remanded
2007-12-01,96,QLD-Female-Remanded
2008-03-01,101,QLD-Female-Remanded
2008-06-01,103,QLD-Female-Remanded
2008-09-01,109,QLD-Female-Remanded
2008-12-01,90,QLD-Female-Remanded
2009-03-01,85,QLD-Female-Remanded
2009-06-01,89,QLD-Female-Remanded
2009-09-01,86,QLD-Female-Remanded
2009-12-01,84,QLD-Female-Remanded
2010-03-01,96,QLD-Female-Remanded
2010-06-01,103,QLD-Female-Remanded
2010-09-01,92,QLD-Female-Remanded
2010-12-01,83,QLD-Female-Remanded
2011-03-01,78,QLD-Female-Remanded
2011-06-01,76,QLD-Female-Remanded
2011-09-01,93,QLD-Female-Remanded
2011-12-01,88,QLD-Female-Remanded
2012-03-01,94,QLD-Female-Remanded
2012-06-01,101,QLD-Female-Remanded
2012-09-01,105,QLD-Female-Remanded
2012-12-01,104,QLD-Female-Remanded
2013-03-01,118,QLD-Female-Remanded
2013-06-01,133,QLD-Female-Remanded
2013-09-01,133,QLD-Female-Remanded
2013-12-01,149,QLD-Female-Remanded
2014-03-01,161,QLD-Female-Remanded
2014-06-01,163,QLD-Female-Remanded
2014-09-01,163,QLD-Female-Remanded
2014-12-01,161,QLD-Female-Remanded
2015-03-01,156,QLD-Female-Remanded
2015-06-01,174,QLD-Female-Remanded
2015-09-01,183,QLD-Female-Remanded
2015-12-01,196,QLD-Female-Remanded
2016-03-01,226,QLD-Female-Remanded
2016-06-01,231,QLD-Female-Remanded
2016-09-01,221,QLD-Female-Remanded
2016-12-01,230,QLD-Female-Remanded
2005-03-01,273,QLD-Female-Sentenced
2005-06-01,277,QLD-Female-Sentenced
2005-09-01,288,QLD-Female-Sentenced
2005-12-01,290,QLD-Female-Sentenced
2006-03-01,285,QLD-Female-Sentenced
2006-06-01,298,QLD-Female-Sentenced
2006-09-01,314,QLD-Female-Sentenced
2006-12-01,320,QLD-Female-Sentenced
2007-03-01,310,QLD-Female-Sentenced
2007-06-01,332,QLD-Female-Sentenced
2007-09-01,298,QLD-Female-Sentenced
2007-12-01,310,QLD-Female-Sentenced
2008-03-01,305,QLD-Female-Sentenced
2008-06-01,303,QLD-Female-Sentenced
2008-09-01,324,QLD-Female-Sentenced
2008-12-01,353,QLD-Female-Sentenced
2009-03-01,336,QLD-Female-Sentenced
2009-06-01,345,QLD-Female-Sentenced
2009-09-01,327,QLD-Female-Sentenced
2009-12-01,336,QLD-Female-Sentenced
2010-03-01,327,QLD-Female-Sentenced
2010-06-01,343,QLD-Female-Sentenced
2010-09-01,342,QLD-Female-Sentenced
2010-12-01,325,QLD-Female-Sentenced
2011-03-01,323,QLD-Female-Sentenced
2011-06-01,347,QLD-Female-Sentenced
2011-09-01,334,QLD-Female-Sentenced
2011-12-01,392,QLD-Female-Sentenced
2012-03-01,342,QLD-Female-Sentenced
2012-06-01,360,QLD-Female-Sentenced
2012-09-01,371,QLD-Female-Sentenced
2012-12-01,370,QLD-Female-Sentenced
2013-03-01,387,QLD-Female-Sentenced
2013-06-01,414,QLD-Female-Sentenced
2013-09-01,438,QLD-Female-Sentenced
2013-12-01,466,QLD-Female-Sentenced
2014-03-01,485,QLD-Female-Sentenced
2014-06-01,488,QLD-Female-Sentenced
2014-09-01,498,QLD-Female-Sentenced
2014-12-01,522,QLD-Female-Sentenced
2015-03-01,499,QLD-Female-Sentenced
2015-06-01,502,QLD-Female-Sentenced
2015-09-01,500,QLD-Female-Sentenced
2015-12-01,465,QLD-Female-Sentenced
2016-03-01,450,QLD-Female-Sentenced
2016-06-01,452,QLD-Female-Sentenced
2016-09-01,468,QLD-Female-Sentenced
2016-12-01,511,QLD-Female-Sentenced
2005-03-01,1000,QLD-Male-Remanded
2005-06-01,1019,QLD-Male-Remanded
2005-09-01,989,QLD-Male-Remanded
2005-12-01,985,QLD-Male-Remanded
2006-03-01,1038,QLD-Male-Remanded
2006-06-01,1084,QLD-Male-Remanded
2006-09-01,1111,QLD-Male-Remanded
2006-12-01,1127,QLD-Male-Remanded
2007-03-01,1134,QLD-Male-Remanded
2007-06-01,1185,QLD-Male-Remanded
2007-09-01,1167,QLD-Male-Remanded
2007-12-01,1100,QLD-Male-Remanded
2008-03-01,1159,QLD-Male-Remanded
2008-06-01,1152,QLD-Male-Remanded
2008-09-01,1131,QLD-Male-Remanded
2008-12-01,1061,QLD-Male-Remanded
2009-03-01,1078,QLD-Male-Remanded
2009-06-01,1081,QLD-Male-Remanded
2009-09-01,1051,QLD-Male-Remanded
2009-12-01,1054,QLD-Male-Remanded
2010-03-01,1108,QLD-Male-Remanded
2010-06-01,1117,QLD-Male-Remanded
2010-09-01,1068,QLD-Male-Remanded
2010-12-01,1081,QLD-Male-Remanded
2011-03-01,1093,QLD-Male-Remanded
2011-06-01,1114,QLD-Male-Remanded
2011-09-01,1110,QLD-Male-Remanded
2011-12-01,1096,QLD-Male-Remanded
2012-03-01,1130,QLD-Male-Remanded
2012-06-01,1132,QLD-Male-Remanded
2012-09-01,1113,QLD-Male-Remanded
2012-12-01,1092,QLD-Male-Remanded
2013-03-01,1206,QLD-Male-Remanded
2013-06-01,1232,QLD-Male-Remanded
2013-09-01,1259,QLD-Male-Remanded
2013-12-01,1286,QLD-Male-Remanded
2014-03-01,1425,QLD-Male-Remanded
2014-06-01,1586,QLD-Male-Remanded
2014-09-01,1498,QLD-Male-Remanded
2014-12-01,1488,QLD-Male-Remanded
2015-03-01,1566,QLD-Male-Remanded
2015-06-01,1610,QLD-Male-Remanded
2015-09-01,1621,QLD-Male-Remanded
2015-12-01,1758,QLD-Male-Remanded
2016-03-01,1943,QLD-Male-Remanded
2016-06-01,1987,QLD-Male-Remanded
2016-09-01,2082,QLD-Male-Remanded
2016-12-01,2079,QLD-Male-Remanded
2005-03-01,3940,QLD-Male-Sentenced
2005-06-01,3968,QLD-Male-Sentenced
2005-09-01,4015,QLD-Male-Sentenced
2005-12-01,3965,QLD-Male-Sentenced
2006-03-01,4020,QLD-Male-Sentenced
2006-06-01,4063,QLD-Male-Sentenced
2006-09-01,4067,QLD-Male-Sentenced
2006-12-01,4098,QLD-Male-Sentenced
2007-03-01,4063,QLD-Male-Sentenced
2007-06-01,4059,QLD-Male-Sentenced
2007-09-01,3943,QLD-Male-Sentenced
2007-12-01,3935,QLD-Male-Sentenced
2008-03-01,3853,QLD-Male-Sentenced
2008-06-01,3988,QLD-Male-Sentenced
2008-09-01,3998,QLD-Male-Sentenced
2008-12-01,4086,QLD-Male-Sentenced
2009-03-01,4044,QLD-Male-Sentenced
2009-06-01,4215,QLD-Male-Sentenced
2009-09-01,4147,QLD-Male-Sentenced
2009-12-01,4058,QLD-Male-Sentenced
2010-03-01,4064,QLD-Male-Sentenced
2010-06-01,4170,QLD-Male-Sentenced
2010-09-01,4099,QLD-Male-Sentenced
2010-12-01,4065,QLD-Male-Sentenced
2011-03-01,3934,QLD-Male-Sentenced
2011-06-01,4033,QLD-Male-Sentenced
2011-09-01,4073,QLD-Male-Sentenced
2011-12-01,4140,QLD-Male-Sentenced
2012-03-01,4060,QLD-Male-Sentenced
2012-06-01,4052,QLD-Male-Sentenced
2012-09-01,4045,QLD-Male-Sentenced
2012-12-01,4178,QLD-Male-Sentenced
2013-03-01,4178,QLD-Male-Sentenced
2013-06-01,4247,QLD-Male-Sentenced
2013-09-01,4360,QLD-Male-Sentenced
2013-12-01,4597,QLD-Male-Sentenced
2014-03-01,4753,QLD-Male-Sentenced
2014-06-01,4797,QLD-Male-Sentenced
2014-09-01,4899,QLD-Male-Sentenced
2014-12-01,5010,QLD-Male-Sentenced
2015-03-01,4935,QLD-Male-Sentenced
2015-06-01,5022,QLD-Male-Sentenced
2015-09-01,4958,QLD-Male-Sentenced
2015-12-01,4975,QLD-Male-Sentenced
2016-03-01,5063,QLD-Male-Sentenced
2016-06-01,5083,QLD-Male-Sentenced
2016-09-01,5000,QLD-Male-Sentenced
2016-12-01,5208,QLD-Male-Sentenced
2005-03-01,38,SA-Female-Remanded
2005-06-01,39,SA-Female-Remanded
2005-09-01,48,SA-Female-Remanded
2005-12-01,44,SA-Female-Remanded
2006-03-01,41,SA-Female-Remanded
2006-06-01,37,SA-Female-Remanded
2006-09-01,36,SA-Female-Remanded
2006-12-01,41,SA-Female-Remanded
2007-03-01,48,SA-Female-Remanded
2007-06-01,52,SA-Female-Remanded
2007-09-01,52,SA-Female-Remanded
2007-12-01,54,SA-Female-Remanded
2008-03-01,61,SA-Female-Remanded
2008-06-01,59,SA-Female-Remanded
2008-09-01,64,SA-Female-Remanded
2008-12-01,57,SA-Female-Remanded
2009-03-01,59,SA-Female-Remanded
2009-06-01,57,SA-Female-Remanded
2009-09-01,51,SA-Female-Remanded
2009-12-01,50,SA-Female-Remanded
2010-03-01,52,SA-Female-Remanded
2010-06-01,54,SA-Female-Remanded
2010-09-01,51,SA-Female-Remanded
2010-12-01,50,SA-Female-Remanded
2011-03-01,47,SA-Female-Remanded
2011-06-01,37,SA-Female-Remanded
2011-09-01,42,SA-Female-Remanded
2011-12-01,51,SA-Female-Remanded
2012-03-01,56,SA-Female-Remanded
2012-06-01,59,SA-Female-Remanded
2012-09-01,53,SA-Female-Remanded
2012-12-01,51,SA-Female-Remanded
2013-03-01,55,SA-Female-Remanded
2013-06-01,66,SA-Female-Remanded
2013-09-01,61,SA-Female-Remanded
2013-12-01,55,SA-Female-Remanded
2014-03-01,70,SA-Female-Remanded
2014-06-01,67,SA-Female-Remanded
2014-09-01,74,SA-Female-Remanded
2014-12-01,75,SA-Female-Remanded
2015-03-01,65,SA-Female-Remanded
2015-06-01,64,SA-Female-Remanded
2015-09-01,74,SA-Female-Remanded
2015-12-01,78,SA-Female-Remanded
2016-03-01,78,SA-Female-Remanded
2016-06-01,101,SA-Female-Remanded
2016-09-01,100,SA-Female-Remanded
2016-12-01,108,SA-Female-Remanded
2005-03-01,54,SA-Female-Sentenced
2005-06-01,54,SA-Female-Sentenced
2005-09-01,52,SA-Female-Sentenced
2005-12-01,58,SA-Female-Sentenced
2006-03-01,60,SA-Female-Sentenced
2006-06-01,64,SA-Female-Sentenced
2006-09-01,65,SA-Female-Sentenced
2006-12-01,64,SA-Female-Sentenced
2007-03-01,62,SA-Female-Sentenced
2007-06-01,66,SA-Female-Sentenced
2007-09-01,68,SA-Female-Sentenced
2007-12-01,68,SA-Female-Sentenced
2008-03-01,67,SA-Female-Sentenced
2008-06-01,67,SA-Female-Sentenced
2008-09-01,63,SA-Female-Sentenced
2008-12-01,61,SA-Female-Sentenced
2009-03-01,71,SA-Female-Sentenced
2009-06-01,74,SA-Female-Sentenced
2009-09-01,76,SA-Female-Sentenced
2009-12-01,74,SA-Female-Sentenced
2010-03-01,74,SA-Female-Sentenced
2010-06-01,70,SA-Female-Sentenced
2010-09-01,79,SA-Female-Sentenced
2010-12-01,77,SA-Female-Sentenced
2011-03-01,78,SA-Female-Sentenced
2011-06-01,84,SA-Female-Sentenced
2011-09-01,85,SA-Female-Sentenced
2011-12-01,81,SA-Female-Sentenced
2012-03-01,72,SA-Female-Sentenced
2012-06-01,79,SA-Female-Sentenced
2012-09-01,81,SA-Female-Sentenced
2012-12-01,84,SA-Female-Sentenced
2013-03-01,80,SA-Female-Sentenced
2013-06-01,79,SA-Female-Sentenced
2013-09-01,86,SA-Female-Sentenced
2013-12-01,94,SA-Female-Sentenced
2014-03-01,95,SA-Female-Sentenced
2014-06-01,96,SA-Female-Sentenced
2014-09-01,98,SA-Female-Sentenced
2014-12-01,101,SA-Female-Sentenced
2015-03-01,91,SA-Female-Sentenced
2015-06-01,88,SA-Female-Sentenced
2015-09-01,85,SA-Female-Sentenced
2015-12-01,93,SA-Female-Sentenced
2016-03-01,95,SA-Female-Sentenced
2016-06-01,90,SA-Female-Sentenced
2016-09-01,89,SA-Female-Sentenced
2016-12-01,97,SA-Female-Sentenced
2005-03-01,486,SA-Male-Remanded
2005-06-01,451,SA-Male-Remanded
2005-09-01,476,SA-Male-Remanded
2005-12-01,504,SA-Male-Remanded
2006-03-01,481,SA-Male-Remanded
2006-06-01,525,SA-Male-Remanded
2006-09-01,514,SA-Male-Remanded
2006-12-01,512,SA-Male-Remanded
2007-03-01,551,SA-Male-Remanded
2007-06-01,583,SA-Male-Remanded
2007-09-01,579,SA-Male-Remanded
2007-12-01,557,SA-Male-Remanded
2008-03-01,587,SA-Male-Remanded
2008-06-01,587,SA-Male-Remanded
2008-09-01,602,SA-Male-Remanded
2008-12-01,583,SA-Male-Remanded
2009-03-01,595,SA-Male-Remanded
2009-06-01,621,SA-Male-Remanded
2009-09-01,640,SA-Male-Remanded
2009-12-01,610,SA-Male-Remanded
2010-03-01,607,SA-Male-Remanded
2010-06-01,662,SA-Male-Remanded
2010-09-01,626,SA-Male-Remanded
2010-12-01,612,SA-Male-Remanded
2011-03-01,626,SA-Male-Remanded
2011-06-01,610,SA-Male-Remanded
2011-09-01,568,SA-Male-Remanded
2011-12-01,570,SA-Male-Remanded
2012-03-01,621,SA-Male-Remanded
2012-06-01,626,SA-Male-Remanded
2012-09-01,594,SA-Male-Remanded
2012-12-01,638,SA-Male-Remanded
2013-03-01,666,SA-Male-Remanded
2013-06-01,698,SA-Male-Remanded
2013-09-01,726,SA-Male-Remanded
2013-12-01,747,SA-Male-Remanded
2014-03-01,751,SA-Male-Remanded
2014-06-01,819,SA-Male-Remanded
2014-09-01,823,SA-Male-Remanded
2014-12-01,828,SA-Male-Remanded
2015-03-01,822,SA-Male-Remanded
2015-06-01,849,SA-Male-Remanded
2015-09-01,921,SA-Male-Remanded
2015-12-01,987,SA-Male-Remanded
2016-03-01,1029,SA-Male-Remanded
2016-06-01,1126,SA-Male-Remanded
2016-09-01,1086,SA-Male-Remanded
2016-12-01,1100,SA-Male-Remanded
2005-03-01,974,SA-Male-Sentenced
2005-06-01,967,SA-Male-Sentenced
2005-09-01,954,SA-Male-Sentenced
2005-12-01,950,SA-Male-Sentenced
2006-03-01,954,SA-Male-Sentenced
2006-06-01,950,SA-Male-Sentenced
2006-09-01,989,SA-Male-Sentenced
2006-12-01,1044,SA-Male-Sentenced
2007-03-01,1039,SA-Male-Sentenced
2007-06-01,1080,SA-Male-Sentenced
2007-09-01,1107,SA-Male-Sentenced
2007-12-01,1154,SA-Male-Sentenced
2008-03-01,1167,SA-Male-Sentenced
2008-06-01,1198,SA-Male-Sentenced
2008-09-01,1231,SA-Male-Sentenced
2008-12-01,1226,SA-Male-Sentenced
2009-03-01,1200,SA-Male-Sentenced
2009-06-01,1223,SA-Male-Sentenced
2009-09-01,1224,SA-Male-Sentenced
2009-12-01,1229,SA-Male-Sentenced
2010-03-01,1191,SA-Male-Sentenced
2010-06-01,1193,SA-Male-Sentenced
2010-09-01,1229,SA-Male-Sentenced
2010-12-01,1234,SA-Male-Sentenced
2011-03-01,1248,SA-Male-Sentenced
2011-06-01,1275,SA-Male-Sentenced
2011-09-01,1347,SA-Male-Sentenced
2011-12-01,1347,SA-Male-Sentenced
2012-03-01,1357,SA-Male-Sentenced
2012-06-01,1368,SA-Male-Sentenced
2012-09-01,1351,SA-Male-Sentenced
2012-12-01,1384,SA-Male-Sentenced
2013-03-01,1406,SA-Male-Sentenced
2013-06-01,1402,SA-Male-Sentenced
2013-09-01,1415,SA-Male-Sentenced
2013-12-01,1472,SA-Male-Sentenced
2014-03-01,1515,SA-Male-Sentenced
2014-06-01,1542,SA-Male-Sentenced
2014-09-01,1555,SA-Male-Sentenced
2014-12-01,1669,SA-Male-Sentenced
2015-03-01,1663,SA-Male-Sentenced
2015-06-01,1693,SA-Male-Sentenced
2015-09-01,1688,SA-Male-Sentenced
2015-12-01,1679,SA-Male-Sentenced
2016-03-01,1651,SA-Male-Sentenced
2016-06-01,1671,SA-Male-Sentenced
2016-09-01,1669,SA-Male-Sentenced
2016-12-01,1679,SA-Male-Sentenced
2005-03-01,10,TAS-Female-Remanded
2005-06-01,8,TAS-Female-Remanded
2005-09-01,10,TAS-Female-Remanded
2005-12-01,12,TAS-Female-Remanded
2006-03-01,11,TAS-Female-Remanded
2006-06-01,9,TAS-Female-Remanded
2006-09-01,14,TAS-Female-Remanded
2006-12-01,16,TAS-Female-Remanded
2007-03-01,10,TAS-Female-Remanded
2007-06-01,11,TAS-Female-Remanded
2007-09-01,8,TAS-Female-Remanded
2007-12-01,10,TAS-Female-Remanded
2008-03-01,10,TAS-Female-Remanded
2008-06-01,13,TAS-Female-Remanded
2008-09-01,9,TAS-Female-Remanded
2008-12-01,7,TAS-Female-Remanded
2009-03-01,11,TAS-Female-Remanded
2009-06-01,11,TAS-Female-Remanded
2009-09-01,10,TAS-Female-Remanded
2009-12-01,9,TAS-Female-Remanded
2010-03-01,8,TAS-Female-Remanded
2010-06-01,11,TAS-Female-Remanded
2010-09-01,8,TAS-Female-Remanded
2010-12-01,6,TAS-Female-Remanded
2011-03-01,6,TAS-Female-Remanded
2011-06-01,7,TAS-Female-Remanded
2011-09-01,9,TAS-Female-Remanded
2011-12-01,6,TAS-Female-Remanded
2012-03-01,12,TAS-Female-Remanded
2012-06-01,7,TAS-Female-Remanded
2012-09-01,8,TAS-Female-Remanded
2012-12-01,7,TAS-Female-Remanded
2013-03-01,6,TAS-Female-Remanded
2013-06-01,7,TAS-Female-Remanded
2013-09-01,5,TAS-Female-Remanded
2013-12-01,6,TAS-Female-Remanded
2014-03-01,4,TAS-Female-Remanded
2014-06-01,4,TAS-Female-Remanded
2014-09-01,4,TAS-Female-Remanded
2014-12-01,7,TAS-Female-Remanded
2015-03-01,8,TAS-Female-Remanded
2015-06-01,7,TAS-Female-Remanded
2015-09-01,12,TAS-Female-Remanded
2015-12-01,13,TAS-Female-Remanded
2016-03-01,14,TAS-Female-Remanded
2016-06-01,15,TAS-Female-Remanded
2016-09-01,13,TAS-Female-Remanded
2016-12-01,10,TAS-Female-Remanded
2005-03-01,21,TAS-Female-Sentenced
2005-06-01,20,TAS-Female-Sentenced
2005-09-01,21,TAS-Female-Sentenced
2005-12-01,23,TAS-Female-Sentenced
2006-03-01,22,TAS-Female-Sentenced
2006-06-01,29,TAS-Female-Sentenced
2006-09-01,25,TAS-Female-Sentenced
2006-12-01,30,TAS-Female-Sentenced
2007-03-01,26,TAS-Female-Sentenced
2007-06-01,21,TAS-Female-Sentenced
2007-09-01,25,TAS-Female-Sentenced
2007-12-01,30,TAS-Female-Sentenced
2008-03-01,25,TAS-Female-Sentenced
2008-06-01,25,TAS-Female-Sentenced
2008-09-01,32,TAS-Female-Sentenced
2008-12-01,27,TAS-Female-Sentenced
2009-03-01,22,TAS-Female-Sentenced
2009-06-01,23,TAS-Female-Sentenced
2009-09-01,32,TAS-Female-Sentenced
2009-12-01,36,TAS-Female-Sentenced
2010-03-01,26,TAS-Female-Sentenced
2010-06-01,27,TAS-Female-Sentenced
2010-09-01,26,TAS-Female-Sentenced
2010-12-01,29,TAS-Female-Sentenced
2011-03-01,22,TAS-Female-Sentenced
2011-06-01,33,TAS-Female-Sentenced
2011-09-01,30,TAS-Female-Sentenced
2011-12-01,33,TAS-Female-Sentenced
2012-03-01,25,TAS-Female-Sentenced
2012-06-01,28,TAS-Female-Sentenced
2012-09-01,38,TAS-Female-Sentenced
2012-12-01,43,TAS-Female-Sentenced
2013-03-01,31,TAS-Female-Sentenced
2013-06-01,26,TAS-Female-Sentenced
2013-09-01,27,TAS-Female-Sentenced
2013-12-01,29,TAS-Female-Sentenced
2014-03-01,27,TAS-Female-Sentenced
2014-06-01,26,TAS-Female-Sentenced
2014-09-01,26,TAS-Female-Sentenced
2014-12-01,19,TAS-Female-Sentenced
2015-03-01,20,TAS-Female-Sentenced
2015-06-01,21,TAS-Female-Sentenced
2015-09-01,23,TAS-Female-Sentenced
2015-12-01,31,TAS-Female-Sentenced
2016-03-01,34,TAS-Female-Sentenced
2016-06-01,34,TAS-Female-Sentenced
2016-09-01,43,TAS-Female-Sentenced
2016-12-01,41,TAS-Female-Sentenced
2005-03-01,106,TAS-Male-Remanded
2005-06-01,113,TAS-Male-Remanded
2005-09-01,115,TAS-Male-Remanded
2005-12-01,102,TAS-Male-Remanded
2006-03-01,89,TAS-Male-Remanded
2006-06-01,112,TAS-Male-Remanded
2006-09-01,124,TAS-Male-Remanded
2006-12-01,105,TAS-Male-Remanded
2007-03-01,101,TAS-Male-Remanded
2007-06-01,111,TAS-Male-Remanded
2007-09-01,106,TAS-Male-Remanded
2007-12-01,102,TAS-Male-Remanded
2008-03-01,103,TAS-Male-Remanded
2008-06-01,104,TAS-Male-Remanded
2008-09-01,103,TAS-Male-Remanded
2008-12-01,98,TAS-Male-Remanded
2009-03-01,97,TAS-Male-Remanded
2009-06-01,112,TAS-Male-Remanded
2009-09-01,103,TAS-Male-Remanded
2009-12-01,90,TAS-Male-Remanded
2010-03-01,84,TAS-Male-Remanded
2010-06-01,88,TAS-Male-Remanded
2010-09-01,101,TAS-Male-Remanded
2010-12-01,87,TAS-Male-Remanded
2011-03-01,78,TAS-Male-Remanded
2011-06-01,82,TAS-Male-Remanded
2011-09-01,98,TAS-Male-Remanded
2011-12-01,95,TAS-Male-Remanded
2012-03-01,104,TAS-Male-Remanded
2012-06-01,94,TAS-Male-Remanded
2012-09-01,77,TAS-Male-Remanded
2012-12-01,87,TAS-Male-Remanded
2013-03-01,72,TAS-Male-Remanded
2013-06-01,97,TAS-Male-Remanded
2013-09-01,92,TAS-Male-Remanded
2013-12-01,83,TAS-Male-Remanded
2014-03-01,88,TAS-Male-Remanded
2014-06-01,94,TAS-Male-Remanded
2014-09-01,89,TAS-Male-Remanded
2014-12-01,93,TAS-Male-Remanded
2015-03-01,103,TAS-Male-Remanded
2015-06-01,113,TAS-Male-Remanded
2015-09-01,129,TAS-Male-Remanded
2015-12-01,133,TAS-Male-Remanded
2016-03-01,138,TAS-Male-Remanded
2016-06-01,130,TAS-Male-Remanded
2016-09-01,142,TAS-Male-Remanded
2016-12-01,141,TAS-Male-Remanded
2005-03-01,388,TAS-Male-Sentenced
2005-06-01,399,TAS-Male-Sentenced
2005-09-01,383,TAS-Male-Sentenced
2005-12-01,382,TAS-Male-Sentenced
2006-03-01,354,TAS-Male-Sentenced
2006-06-01,353,TAS-Male-Sentenced
2006-09-01,379,TAS-Male-Sentenced
2006-12-01,402,TAS-Male-Sentenced
2007-03-01,369,TAS-Male-Sentenced
2007-06-01,386,TAS-Male-Sentenced
2007-09-01,393,TAS-Male-Sentenced
2007-12-01,425,TAS-Male-Sentenced
2008-03-01,380,TAS-Male-Sentenced
2008-06-01,393,TAS-Male-Sentenced
2008-09-01,375,TAS-Male-Sentenced
2008-12-01,396,TAS-Male-Sentenced
2009-03-01,380,TAS-Male-Sentenced
2009-06-01,379,TAS-Male-Sentenced
2009-09-01,371,TAS-Male-Sentenced
2009-12-01,372,TAS-Male-Sentenced
2010-03-01,334,TAS-Male-Sentenced
2010-06-01,351,TAS-Male-Sentenced
2010-09-01,356,TAS-Male-Sentenced
2010-12-01,369,TAS-Male-Sentenced
2011-03-01,347,TAS-Male-Sentenced
2011-06-01,354,TAS-Male-Sentenced
2011-09-01,388,TAS-Male-Sentenced
2011-12-01,394,TAS-Male-Sentenced
2012-03-01,366,TAS-Male-Sentenced
2012-06-01,382,TAS-Male-Sentenced
2012-09-01,369,TAS-Male-Sentenced
2012-12-01,358,TAS-Male-Sentenced
2013-03-01,350,TAS-Male-Sentenced
2013-06-01,330,TAS-Male-Sentenced
2013-09-01,348,TAS-Male-Sentenced
2013-12-01,362,TAS-Male-Sentenced
2014-03-01,353,TAS-Male-Sentenced
2014-06-01,343,TAS-Male-Sentenced
2014-09-01,324,TAS-Male-Sentenced
2014-12-01,340,TAS-Male-Sentenced
2015-03-01,337,TAS-Male-Sentenced
2015-06-01,371,TAS-Male-Sentenced
2015-09-01,347,TAS-Male-Sentenced
2015-12-01,350,TAS-Male-Sentenced
2016-03-01,349,TAS-Male-Sentenced
2016-06-01,374,TAS-Male-Sentenced
2016-09-01,381,TAS-Male-Sentenced
2016-12-01,401,TAS-Male-Sentenced
2005-03-01,62,VIC-Female-Remanded
2005-06-01,59,VIC-Female-Remanded
2005-09-01,59,VIC-Female-Remanded
2005-12-01,54,VIC-Female-Remanded
2006-03-01,50,VIC-Female-Remanded
2006-06-01,47,VIC-Female-Remanded
2006-09-01,48,VIC-Female-Remanded
2006-12-01,45,VIC-Female-Remanded
2007-03-01,51,VIC-Female-Remanded
2007-06-01,54,VIC-Female-Remanded
2007-09-01,54,VIC-Female-Remanded
2007-12-01,50,VIC-Female-Remanded
2008-03-01,51,VIC-Female-Remanded
2008-06-01,62,VIC-Female-Remanded
2008-09-01,61,VIC-Female-Remanded
2008-12-01,64,VIC-Female-Remanded
2009-03-01,70,VIC-Female-Remanded
2009-06-01,77,VIC-Female-Remanded
2009-09-01,77,VIC-Female-Remanded
2009-12-01,76,VIC-Female-Remanded
2010-03-01,69,VIC-Female-Remanded
2010-06-01,70,VIC-Female-Remanded
2010-09-01,70,VIC-Female-Remanded
2010-12-01,69,VIC-Female-Remanded
2011-03-01,71,VIC-Female-Remanded
2011-06-01,73,VIC-Female-Remanded
2011-09-01,67,VIC-Female-Remanded
2011-12-01,75,VIC-Female-Remanded
2012-03-01,79,VIC-Female-Remanded
2012-06-01,81,VIC-Female-Remanded
2012-09-01,85,VIC-Female-Remanded
2012-12-01,93,VIC-Female-Remanded
2013-03-01,91,VIC-Female-Remanded
2013-06-01,88,VIC-Female-Remanded
2013-09-01,99,VIC-Female-Remanded
2013-12-01,112,VIC-Female-Remanded
2014-03-01,108,VIC-Female-Remanded
2014-06-01,104,VIC-Female-Remanded
2014-09-01,98,VIC-Female-Remanded
2014-12-01,123,VIC-Female-Remanded
2015-03-01,132,VIC-Female-Remanded
2015-06-01,134,VIC-Female-Remanded
2015-09-01,135,VIC-Female-Remanded
2015-12-01,146,VIC-Female-Remanded
2016-03-01,158,VIC-Female-Remanded
2016-06-01,158,VIC-Female-Remanded
2016-09-01,170,VIC-Female-Remanded
2016-12-01,175,VIC-Female-Remanded
2005-03-01,196,VIC-Female-Sentenced
2005-06-01,196,VIC-Female-Sentenced
2005-09-01,198,VIC-Female-Sentenced
2005-12-01,188,VIC-Female-Sentenced
2006-03-01,168,VIC-Female-Sentenced
2006-06-01,178,VIC-Female-Sentenced
2006-09-01,199,VIC-Female-Sentenced
2006-12-01,197,VIC-Female-Sentenced
2007-03-01,192,VIC-Female-Sentenced
2007-06-01,198,VIC-Female-Sentenced
2007-09-01,197,VIC-Female-Sentenced
2007-12-01,203,VIC-Female-Sentenced
2008-03-01,185,VIC-Female-Sentenced
2008-06-01,176,VIC-Female-Sentenced
2008-09-01,189,VIC-Female-Sentenced
2008-12-01,183,VIC-Female-Sentenced
2009-03-01,184,VIC-Female-Sentenced
2009-06-01,192,VIC-Female-Sentenced
2009-09-01,213,VIC-Female-Sentenced
2009-12-01,238,VIC-Female-Sentenced
2010-03-01,246,VIC-Female-Sentenced
2010-06-01,248,VIC-Female-Sentenced
2010-09-01,248,VIC-Female-Sentenced
2010-12-01,243,VIC-Female-Sentenced
2011-03-01,235,VIC-Female-Sentenced
2011-06-01,248,VIC-Female-Sentenced
2011-09-01,257,VIC-Female-Sentenced
2011-12-01,257,VIC-Female-Sentenced
2012-03-01,242,VIC-Female-Sentenced
2012-06-01,249,VIC-Female-Sentenced
2012-09-01,255,VIC-Female-Sentenced
2012-12-01,245,VIC-Female-Sentenced
2013-03-01,246,VIC-Female-Sentenced
2013-06-01,265,VIC-Female-Sentenced
2013-09-01,289,VIC-Female-Sentenced
2013-12-01,300,VIC-Female-Sentenced
2014-03-01,297,VIC-Female-Sentenced
2014-06-01,296,VIC-Female-Sentenced
2014-09-01,314,VIC-Female-Sentenced
2014-12-01,319,VIC-Female-Sentenced
2015-03-01,318,VIC-Female-Sentenced
2015-06-01,296,VIC-Female-Sentenced
2015-09-01,287,VIC-Female-Sentenced
2015-12-01,276,VIC-Female-Sentenced
2016-03-01,278,VIC-Female-Sentenced
2016-06-01,278,VIC-Female-Sentenced
2016-09-01,263,VIC-Female-Sentenced
2016-12-01,268,VIC-Female-Sentenced
2005-03-01,587,VIC-Male-Remanded
2005-06-01,587,VIC-Male-Remanded
2005-09-01,593,VIC-Male-Remanded
2005-12-01,602,VIC-Male-Remanded
2006-03-01,605,VIC-Male-Remanded
2006-06-01,597,VIC-Male-Remanded
2006-09-01,687,VIC-Male-Remanded
2006-12-01,722,VIC-Male-Remanded
2007-03-01,695,VIC-Male-Remanded
2007-06-01,726,VIC-Male-Remanded
2007-09-01,758,VIC-Male-Remanded
2007-12-01,750,VIC-Male-Remanded
2008-03-01,744,VIC-Male-Remanded
2008-06-01,793,VIC-Male-Remanded
2008-09-01,765,VIC-Male-Remanded
2008-12-01,805,VIC-Male-Remanded
2009-03-01,743,VIC-Male-Remanded
2009-06-01,800,VIC-Male-Remanded
2009-09-01,767,VIC-Male-Remanded
2009-12-01,815,VIC-Male-Remanded
2010-03-01,768,VIC-Male-Remanded
2010-06-01,791,VIC-Male-Remanded
2010-09-01,741,VIC-Male-Remanded
2010-12-01,758,VIC-Male-Remanded
2011-03-01,776,VIC-Male-Remanded
2011-06-01,822,VIC-Male-Remanded
2011-09-01,827,VIC-Male-Remanded
2011-12-01,834,VIC-Male-Remanded
2012-03-01,851,VIC-Male-Remanded
2012-06-01,899,VIC-Male-Remanded
2012-09-01,936,VIC-Male-Remanded
2012-12-01,897,VIC-Male-Remanded
2013-03-01,937,VIC-Male-Remanded
2013-06-01,934,VIC-Male-Remanded
2013-09-01,886,VIC-Male-Remanded
2013-12-01,863,VIC-Male-Remanded
2014-03-01,921,VIC-Male-Remanded
2014-06-01,1006,VIC-Male-Remanded
2014-09-01,1112,VIC-Male-Remanded
2014-12-01,1275,VIC-Male-Remanded
2015-03-01,1392,VIC-Male-Remanded
2015-06-01,1357,VIC-Male-Remanded
2015-09-01,1281,VIC-Male-Remanded
2015-12-01,1438,VIC-Male-Remanded
2016-03-01,1588,VIC-Male-Remanded
2016-06-01,1716,VIC-Male-Remanded
2016-09-01,1801,VIC-Male-Remanded
2016-12-01,1915,VIC-Male-Remanded
2005-03-01,2689,VIC-Male-Sentenced
2005-06-01,2750,VIC-Male-Sentenced
2005-09-01,2828,VIC-Male-Sentenced
2005-12-01,2805,VIC-Male-Sentenced
2006-03-01,2733,VIC-Male-Sentenced
2006-06-01,2849,VIC-Male-Sentenced
2006-09-01,3006,VIC-Male-Sentenced
2006-12-01,3087,VIC-Male-Sentenced
2007-03-01,3080,VIC-Male-Sentenced
2007-06-01,3138,VIC-Male-Sentenced
2007-09-01,3162,VIC-Male-Sentenced
2007-12-01,3237,VIC-Male-Sentenced
2008-03-01,3131,VIC-Male-Sentenced
2008-06-01,3145,VIC-Male-Sentenced
2008-09-01,3269,VIC-Male-Sentenced
2008-12-01,3307,VIC-Male-Sentenced
2009-03-01,3216,VIC-Male-Sentenced
2009-06-01,3242,VIC-Male-Sentenced
2009-09-01,3333,VIC-Male-Sentenced
2009-12-01,3375,VIC-Male-Sentenced
2010-03-01,3394,VIC-Male-Sentenced
2010-06-01,3452,VIC-Male-Sentenced
2010-09-01,3507,VIC-Male-Sentenced
2010-12-01,3536,VIC-Male-Sentenced
2011-03-01,3432,VIC-Male-Sentenced
2011-06-01,3498,VIC-Male-Sentenced
2011-09-01,3613,VIC-Male-Sentenced
2011-12-01,3680,VIC-Male-Sentenced
2012-03-01,3621,VIC-Male-Sentenced
2012-06-01,3666,VIC-Male-Sentenced
2012-09-01,3651,VIC-Male-Sentenced
2012-12-01,3805,VIC-Male-Sentenced
2013-03-01,3898,VIC-Male-Sentenced
2013-06-01,4000,VIC-Male-Sentenced
2013-09-01,4175,VIC-Male-Sentenced
2013-12-01,4461,VIC-Male-Sentenced
2014-03-01,4540,VIC-Male-Sentenced
2014-06-01,4615,VIC-Male-Sentenced
2014-09-01,4682,VIC-Male-Sentenced
2014-12-01,4712,VIC-Male-Sentenced
2015-03-01,4631,VIC-Male-Sentenced
2015-06-01,4505,VIC-Male-Sentenced
2015-09-01,4386,VIC-Male-Sentenced
2015-12-01,4442,VIC-Male-Sentenced
2016-03-01,4363,VIC-Male-Sentenced
2016-06-01,4305,VIC-Male-Sentenced
2016-09-01,4364,VIC-Male-Sentenced
2016-12-01,4418,VIC-Male-Sentenced
2005-03-01,61,WA-Female-Remanded
2005-06-01,52,WA-Female-Remanded
2005-09-01,49,WA-Female-Remanded
2005-12-01,43,WA-Female-Remanded
2006-03-01,53,WA-Female-Remanded
2006-06-01,53,WA-Female-Remanded
2006-09-01,57,WA-Female-Remanded
2006-12-01,68,WA-Female-Remanded
2007-03-01,72,WA-Female-Remanded
2007-06-01,76,WA-Female-Remanded
2007-09-01,61,WA-Female-Remanded
2007-12-01,54,WA-Female-Remanded
2008-03-01,64,WA-Female-Remanded
2008-06-01,56,WA-Female-Remanded
2008-09-01,74,WA-Female-Remanded
2008-12-01,84,WA-Female-Remanded
2009-03-01,74,WA-Female-Remanded
2009-06-01,67,WA-Female-Remanded
2009-09-01,71,WA-Female-Remanded
2009-12-01,59,WA-Female-Remanded
2010-03-01,65,WA-Female-Remanded
2010-06-01,75,WA-Female-Remanded
2010-09-01,69,WA-Female-Remanded
2010-12-01,63,WA-Female-Remanded
2011-03-01,63,WA-Female-Remanded
2011-06-01,64,WA-Female-Remanded
2011-09-01,59,WA-Female-Remanded
2011-12-01,82,WA-Female-Remanded
2012-03-01,93,WA-Female-Remanded
2012-06-01,95,WA-Female-Remanded
2012-09-01,97,WA-Female-Remanded
2012-12-01,98,WA-Female-Remanded
2013-03-01,109,WA-Female-Remanded
2013-06-01,105,WA-Female-Remanded
2013-09-01,100,WA-Female-Remanded
2013-12-01,93,WA-Female-Remanded
2014-03-01,108,WA-Female-Remanded
2014-06-01,123,WA-Female-Remanded
2014-09-01,135,WA-Female-Remanded
2014-12-01,147,WA-Female-Remanded
2015-03-01,156,WA-Female-Remanded
2015-06-01,147,WA-Female-Remanded
2015-09-01,141,WA-Female-Remanded
2015-12-01,160,WA-Female-Remanded
2016-03-01,171,WA-Female-Remanded
2016-06-01,206,WA-Female-Remanded
2016-09-01,226,WA-Female-Remanded
2016-12-01,208,WA-Female-Remanded
2005-03-01,210,WA-Female-Sentenced
2005-06-01,216,WA-Female-Sentenced
2005-09-01,201,WA-Female-Sentenced
2005-12-01,193,WA-Female-Sentenced
2006-03-01,194,WA-Female-Sentenced
2006-06-01,195,WA-Female-Sentenced
2006-09-01,201,WA-Female-Sentenced
2006-12-01,213,WA-Female-Sentenced
2007-03-01,217,WA-Female-Sentenced
2007-06-01,243,WA-Female-Sentenced
2007-09-01,261,WA-Female-Sentenced
2007-12-01,264,WA-Female-Sentenced
2008-03-01,233,WA-Female-Sentenced
2008-06-01,202,WA-Female-Sentenced
2008-09-01,207,WA-Female-Sentenced
2008-12-01,222,WA-Female-Sentenced
2009-03-01,229,WA-Female-Sentenced
2009-06-01,256,WA-Female-Sentenced
2009-09-01,290,WA-Female-Sentenced
2009-12-01,321,WA-Female-Sentenced
2010-03-01,323,WA-Female-Sentenced
2010-06-01,328,WA-Female-Sentenced
2010-09-01,335,WA-Female-Sentenced
2010-12-01,316,WA-Female-Sentenced
2011-03-01,307,WA-Female-Sentenced
2011-06-01,297,WA-Female-Sentenced
2011-09-01,284,WA-Female-Sentenced
2011-12-01,283,WA-Female-Sentenced
2012-03-01,296,WA-Female-Sentenced
2012-06-01,325,WA-Female-Sentenced
2012-09-01,335,WA-Female-Sentenced
2012-12-01,342,WA-Female-Sentenced
2013-03-01,348,WA-Female-Sentenced
2013-06-01,343,WA-Female-Sentenced
2013-09-01,349,WA-Female-Sentenced
2013-12-01,357,WA-Female-Sentenced
2014-03-01,362,WA-Female-Sentenced
2014-06-01,353,WA-Female-Sentenced
2014-09-01,351,WA-Female-Sentenced
2014-12-01,370,WA-Female-Sentenced
2015-03-01,376,WA-Female-Sentenced
2015-06-01,380,WA-Female-Sentenced
2015-09-01,373,WA-Female-Sentenced
2015-12-01,357,WA-Female-Sentenced
2016-03-01,367,WA-Female-Sentenced
2016-06-01,401,WA-Female-Sentenced
2016-09-01,396,WA-Female-Sentenced
2016-12-01,404,WA-Female-Sentenced
2005-03-01,495,WA-Male-Remanded
2005-06-01,518,WA-Male-Remanded
2005-09-01,504,WA-Male-Remanded
2005-12-01,488,WA-Male-Remanded
2006-03-01,530,WA-Male-Remanded
2006-06-01,544,WA-Male-Remanded
2006-09-01,543,WA-Male-Remanded
2006-12-01,565,WA-Male-Remanded
2007-03-01,598,WA-Male-Remanded
2007-06-01,604,WA-Male-Remanded
2007-09-01,640,WA-Male-Remanded
2007-12-01,622,WA-Male-Remanded
2008-03-01,658,WA-Male-Remanded
2008-06-01,701,WA-Male-Remanded
2008-09-01,716,WA-Male-Remanded
2008-12-01,654,WA-Male-Remanded
2009-03-01,614,WA-Male-Remanded
2009-06-01,678,WA-Male-Remanded
2009-09-01,639,WA-Male-Remanded
2009-12-01,668,WA-Male-Remanded
2010-03-01,670,WA-Male-Remanded
2010-06-01,753,WA-Male-Remanded
2010-09-01,696,WA-Male-Remanded
2010-12-01,689,WA-Male-Remanded
2011-03-01,763,WA-Male-Remanded
2011-06-01,797,WA-Male-Remanded
2011-09-01,782,WA-Male-Remanded
2011-12-01,814,WA-Male-Remanded
2012-03-01,871,WA-Male-Remanded
2012-06-01,888,WA-Male-Remanded
2012-09-01,881,WA-Male-Remanded
2012-12-01,873,WA-Male-Remanded
2013-03-01,907,WA-Male-Remanded
2013-06-01,955,WA-Male-Remanded
2013-09-01,874,WA-Male-Remanded
2013-12-01,882,WA-Male-Remanded
2014-03-01,911,WA-Male-Remanded
2014-06-01,1012,WA-Male-Remanded
2014-09-01,1043,WA-Male-Remanded
2014-12-01,1065,WA-Male-Remanded
2015-03-01,1073,WA-Male-Remanded
2015-06-01,1135,WA-Male-Remanded
2015-09-01,1191,WA-Male-Remanded
2015-12-01,1314,WA-Male-Remanded
2016-03-01,1425,WA-Male-Remanded
2016-06-01,1566,WA-Male-Remanded
2016-09-01,1623,WA-Male-Remanded
2016-12-01,1608,WA-Male-Remanded
2005-03-01,2644,WA-Male-Sentenced
2005-06-01,2765,WA-Male-Sentenced
2005-09-01,2662,WA-Male-Sentenced
2005-12-01,2669,WA-Male-Sentenced
2006-03-01,2657,WA-Male-Sentenced
2006-06-01,2686,WA-Male-Sentenced
2006-09-01,2733,WA-Male-Sentenced
2006-12-01,2745,WA-Male-Sentenced
2007-03-01,2684,WA-Male-Sentenced
2007-06-01,2793,WA-Male-Sentenced
2007-09-01,2878,WA-Male-Sentenced
2007-12-01,2951,WA-Male-Sentenced
2008-03-01,2793,WA-Male-Sentenced
2008-06-01,2763,WA-Male-Sentenced
2008-09-01,2830,WA-Male-Sentenced
2008-12-01,2987,WA-Male-Sentenced
2009-03-01,3062,WA-Male-Sentenced
2009-06-01,3175,WA-Male-Sentenced
2009-09-01,3530,WA-Male-Sentenced
2009-12-01,3723,WA-Male-Sentenced
2010-03-01,3768,WA-Male-Sentenced
2010-06-01,3682,WA-Male-Sentenced
2010-09-01,3633,WA-Male-Sentenced
2010-12-01,3504,WA-Male-Sentenced
2011-03-01,3464,WA-Male-Sentenced
2011-06-01,3506,WA-Male-Sentenced
2011-09-01,3507,WA-Male-Sentenced
2011-12-01,3546,WA-Male-Sentenced
2012-03-01,3578,WA-Male-Sentenced
2012-06-01,3647,WA-Male-Sentenced
2012-09-01,3627,WA-Male-Sentenced
2012-12-01,3604,WA-Male-Sentenced
2013-03-01,3599,WA-Male-Sentenced
2013-06-01,3584,WA-Male-Sentenced
2013-09-01,3615,WA-Male-Sentenced
2013-12-01,3614,WA-Male-Sentenced
2014-03-01,3635,WA-Male-Sentenced
2014-06-01,3692,WA-Male-Sentenced
2014-09-01,3726,WA-Male-Sentenced
2014-12-01,3780,WA-Male-Sentenced
2015-03-01,3833,WA-Male-Sentenced
2015-06-01,3843,WA-Male-Sentenced
2015-09-01,3864,WA-Male-Sentenced
2015-12-01,3894,WA-Male-Sentenced
2016-03-01,3876,WA-Male-Sentenced
2016-06-01,3969,WA-Male-Sentenced
2016-09-01,4076,WA-Male-Sentenced
2016-12-01,4088,WA-Male-Sentenced
